# LEAVE THIS FILE EMPTY. IT IS PUBLIC: the repository is, so every line typed here can be read by anyone.
# It is the manual ledger from before the bake could read the account, kept only as a fallback.
# Real fills are read from the exchange by the bake (the key lives in the workflow's secrets), scored in
# private, and every dollar figure is stripped before anything is written (redact_money). Positions show
# only in a browser that holds the panel token. Nothing about the account belongs in this file.
#
# (the old instructions, for the format only)
# Your actual Kalshi trades. One line per fill.
#
# The panel's P&L is hypothetical -- it assumes a quarter-Kelly stake filled at
# the asking price. This file is what really happened, and the job scores it
# against the settlements to produce a real return alongside the modelled one.
#
# FORMAT   date,market,side,strike,price,contracts[,note]
#
#   date       2026-09-05        the trading day, not the settlement day
#   market     ny chi mia aus den lax phl
#   side       yes | no
#   strike     forgiving. All of these work:
#                84-85   "84 to 85"   84to85
#                78-     "78 or below"   <=78   78orbelow
#                90+     "90 or above"   >=90
#   price      cents you PAID, per contract (26 or 0.26 both fine)
#   contracts  how many
#   note       optional, ignored by the scorer
#
# Fees are computed with Kalshi's own formula unless you add a fee column;
# they are charged on entry and are already excluded from the P&L.
#
# Append with:  ./_kalshi/log.sh 2026-09-05 ny yes 78- 26 100
#
date,market,side,strike,price,contracts,note
